{
  "target": "127.0.0.1",
  "nmap_postgresql_banner": "Starting Nmap 7.95 ( https://nmap.org ) at 2025-09-01 13:41 +01\nNmap scan report for localhost (127.0.0.1)\nHost is up (0.000081s latency).\n\nPORT     STATE SERVICE    VERSION\n5432/tcp open  postgresql PostgreSQL DB 9.6.0 or later\n\nService detection performed. Please report any incorrect results at https://nmap.org/submit/ .\nNmap done: 1 IP address (1 host up) scanned in 7.12 seconds",
  "raw_postgresql_banner": "[!] No banner \u2014 PostgreSQL requires proper handshake.",
  "msf_exploit_found": "yes",
  "msf_exploit_mods": [
    "exploit/linux/http/acronis_cyber_infra_cve_2023_45249",
    "exploit/linux/http/appsmith_rce_cve_2024_55964",
    "exploit/linux/http/beyondtrust_pra_rs_unauth_rce",
    "exploit/linux/postgres/postgres_payload",
    "exploit/multi/http/manage_engine_dc_pmp_sqli",
    "exploit/multi/http/rudder_server_sqli_rce",
    "exploit/multi/postgres/postgres_copy_from_program_cmd_exec",
    "exploit/multi/postgres/postgres_createlang",
    "exploit/windows/misc/manageengine_eventlog_analyzer_rce",
    "exploit/windows/postgres/postgres_payload"
  ],
  "msf_exploit_cves": [
    "CVE-2007-3280",
    "CVE-2014-3996",
    "CVE-2015-7387",
    "CVE-2019-9193",
    "CVE-2023-30625",
    "CVE-2023-45249",
    "CVE-2024-12356",
    "CVE-2024-55963",
    "CVE-2024-55964",
    "CVE-2025-1094"
  ]
}