{
  "target": "192.168.1.113",
  "generated": "2025-09-01T14:52:40.517202",
  "steps": [
    {
      "name": "TCP ACK scan (firewall rule mapping)",
      "tool": "nmap",
      "command": "nmap 192.168.1.113 -n -Pn -p 22,80,445,139,443,3389,53 -sA",
      "rationale": "Map stateful filtering: ACK reveals filtered vs unfiltered without opening connections.",
      "returncode": 0,
      "stdout_full": "Starting Nmap 7.95 ( https://nmap.org ) at 2025-09-01 14:12 +01\nNmap scan report for 192.168.1.113\nHost is up (0.0024s latency).\n\nPORT     STATE      SERVICE\n22/tcp   unfiltered ssh\n53/tcp   unfiltered domain\n80/tcp   unfiltered http\n139/tcp  unfiltered netbios-ssn\n443/tcp  unfiltered https\n445/tcp  unfiltered microsoft-ds\n3389/tcp unfiltered ms-wbt-server\nMAC Address: 08:00:27:AB:58:94 (PCS Systemtechnik/Oracle VirtualBox virtual NIC)\n\nNmap done: 1 IP address (1 host up) scanned in 0.66 seconds\n",
      "stderr_full": "",
      "stdout": "Starting Nmap 7.95 ( https://nmap.org ) at 2025-09-01 14:12 +01\nNmap scan report for 192.168.1.113\nHost is up (0.0024s latency).\n\nPORT     STATE      SERVICE\n22/tcp   unfiltered ssh\n53/tcp   unfiltered domain\n80/tcp   unfiltered http\n139/tcp  unfiltered netbios-ssn\n443/tcp  unfiltered https\n445/tcp  unfiltered microsoft-ds\n3389/tcp unfiltered ms-wbt-server\nMAC Address: 08:00:27:AB:58:94 (PCS Systemtechnik/Oracle VirtualBox virtual NIC)\n\nNmap done: 1 IP address (1 host up) scanned in 0.66 seconds\n",
      "stderr": "",
      "interpretation": "Nmap parsed states: unfiltered=7",
      "skipped": false,
      "success": true
    },
    {
      "name": "SYN scan baseline",
      "tool": "nmap",
      "command": "nmap 192.168.1.113 -n -Pn -p 22,80,445,139,443,3389,53 -sS --scan-delay 100ms",
      "rationale": "Establish baseline open/closed ports with stealthy SYN before evasion.",
      "returncode": 0,
      "stdout_full": "Starting Nmap 7.95 ( https://nmap.org ) at 2025-09-01 14:12 +01\nNmap scan report for 192.168.1.113\nHost is up (0.00023s latency).\n\nPORT     STATE  SERVICE\n22/tcp   open   ssh\n53/tcp   closed domain\n80/tcp   open   http\n139/tcp  open   netbios-ssn\n443/tcp  open   https\n445/tcp  open   microsoft-ds\n3389/tcp closed ms-wbt-server\nMAC Address: 08:00:27:AB:58:94 (PCS Systemtechnik/Oracle VirtualBox virtual NIC)\n\nNmap done: 1 IP address (1 host up) scanned in 1.20 seconds\n",
      "stderr_full": "",
      "stdout": "Starting Nmap 7.95 ( https://nmap.org ) at 2025-09-01 14:12 +01\nNmap scan report for 192.168.1.113\nHost is up (0.00023s latency).\n\nPORT     STATE  SERVICE\n22/tcp   open   ssh\n53/tcp   closed domain\n80/tcp   open   http\n139/tcp  open   netbios-ssn\n443/tcp  open   https\n445/tcp  open   microsoft-ds\n3389/tcp closed ms-wbt-server\nMAC Address: 08:00:27:AB:58:94 (PCS Systemtechnik/Oracle VirtualBox virtual NIC)\n\nNmap done: 1 IP address (1 host up) scanned in 1.20 seconds\n",
      "stderr": "",
      "interpretation": "Nmap parsed states: closed=2; open=5",
      "skipped": false,
      "success": true
    },
    {
      "name": "Decoy SYN scan",
      "tool": "nmap",
      "command": "sudo -n nmap 192.168.1.113 -p 80 -sS -Pn -n --disable-arp-ping --packet-trace -D RND:5",
      "rationale": "If baseline hints at monitoring, use decoys to obscure scanner identity while validating reachability.",
      "returncode": 1,
      "stdout_full": "",
      "stderr_full": "sudo: a password is required\n",
      "stdout": "",
      "stderr": "sudo: a password is required\n",
      "interpretation": "No parsable Nmap port table; possibly filtered or host unreachable",
      "skipped": false,
      "success": false
    },
    {
      "name": "SYN scan with spoofed source port 53",
      "tool": "nmap",
      "command": "sudo -n nmap 192.168.1.113 -p 50000 -sS -Pn -n --disable-arp-ping --packet-trace --source-port 53",
      "rationale": "Test firewall trust of DNS by sending from source port 53 to traverse ACLs.",
      "returncode": 1,
      "stdout_full": "",
      "stderr_full": "sudo: a password is required\n",
      "stdout": "",
      "stderr": "sudo: a password is required\n",
      "interpretation": "No parsable Nmap port table; possibly filtered or host unreachable",
      "skipped": false,
      "success": false
    },
    {
      "name": "FIN stealth scan",
      "tool": "nmap",
      "command": "nmap 192.168.1.113 -n -Pn -p 22,80,445,139,443,3389,53 -sF --max-retries 2 --scan-delay 150ms",
      "rationale": "FIN probes can slip past stateless filters; closed ports should RST.",
      "returncode": 0,
      "stdout_full": "Starting Nmap 7.95 ( https://nmap.org ) at 2025-09-01 14:12 +01\nNmap scan report for 192.168.1.113\nHost is up (0.00037s latency).\n\nPORT     STATE         SERVICE\n22/tcp   open|filtered ssh\n53/tcp   closed        domain\n80/tcp   open|filtered http\n139/tcp  open|filtered netbios-ssn\n443/tcp  open|filtered https\n445/tcp  open|filtered microsoft-ds\n3389/tcp closed        ms-wbt-server\nMAC Address: 08:00:27:AB:58:94 (PCS Systemtechnik/Oracle VirtualBox virtual NIC)\n\nNmap done: 1 IP address (1 host up) scanned in 3.76 seconds\n",
      "stderr_full": "",
      "stdout": "Starting Nmap 7.95 ( https://nmap.org ) at 2025-09-01 14:12 +01\nNmap scan report for 192.168.1.113\nHost is up (0.00037s latency).\n\nPORT     STATE         SERVICE\n22/tcp   open|filtered ssh\n53/tcp   closed        domain\n80/tcp   open|filtered http\n139/tcp  open|filtered netbios-ssn\n443/tcp  open|filtered https\n445/tcp  open|filtered microsoft-ds\n3389/tcp closed        ms-wbt-server\nMAC Address: 08:00:27:AB:58:94 (PCS Systemtechnik/Oracle VirtualBox virtual NIC)\n\nNmap done: 1 IP address (1 host up) scanned in 3.76 seconds\n",
      "stderr": "",
      "interpretation": "Nmap parsed states: closed=2; open|filtered=5",
      "skipped": false,
      "success": true
    },
    {
      "name": "NULL stealth scan",
      "tool": "nmap",
      "command": "nmap 192.168.1.113 -n -Pn -p 22,80,445,139,443,3389,53 -sN --max-retries 2 --scan-delay 150ms",
      "rationale": "NULL probes can bypass simplistic detection; closed ports RST.",
      "returncode": 0,
      "stdout_full": "Starting Nmap 7.95 ( https://nmap.org ) at 2025-09-01 14:12 +01\nNmap scan report for 192.168.1.113\nHost is up (0.0013s latency).\n\nPORT     STATE         SERVICE\n22/tcp   open|filtered ssh\n53/tcp   closed        domain\n80/tcp   open|filtered http\n139/tcp  open|filtered netbios-ssn\n443/tcp  open|filtered https\n445/tcp  open|filtered microsoft-ds\n3389/tcp closed        ms-wbt-server\nMAC Address: 08:00:27:AB:58:94 (PCS Systemtechnik/Oracle VirtualBox virtual NIC)\n\nNmap done: 1 IP address (1 host up) scanned in 3.71 seconds\n",
      "stderr_full": "",
      "stdout": "Starting Nmap 7.95 ( https://nmap.org ) at 2025-09-01 14:12 +01\nNmap scan report for 192.168.1.113\nHost is up (0.0013s latency).\n\nPORT     STATE         SERVICE\n22/tcp   open|filtered ssh\n53/tcp   closed        domain\n80/tcp   open|filtered http\n139/tcp  open|filtered netbios-ssn\n443/tcp  open|filtered https\n445/tcp  open|filtered microsoft-ds\n3389/tcp closed        ms-wbt-server\nMAC Address: 08:00:27:AB:58:94 (PCS Systemtechnik/Oracle VirtualBox virtual NIC)\n\nNmap done: 1 IP address (1 host up) scanned in 3.71 seconds\n",
      "stderr": "",
      "interpretation": "Nmap parsed states: closed=2; open|filtered=5",
      "skipped": false,
      "success": true
    },
    {
      "name": "XMAS stealth scan",
      "tool": "nmap",
      "command": "nmap 192.168.1.113 -n -Pn -p 22,80,445,139,443,3389,53 -sX --max-retries 2 --scan-delay 150ms",
      "rationale": "XMAS probes test RFC compliance and filtering behavior.",
      "returncode": 0,
      "stdout_full": "Starting Nmap 7.95 ( https://nmap.org ) at 2025-09-01 14:12 +01\nNmap scan report for 192.168.1.113\nHost is up (0.0022s latency).\n\nPORT     STATE         SERVICE\n22/tcp   open|filtered ssh\n53/tcp   closed        domain\n80/tcp   open|filtered http\n139/tcp  open|filtered netbios-ssn\n443/tcp  open|filtered https\n445/tcp  open|filtered microsoft-ds\n3389/tcp closed        ms-wbt-server\nMAC Address: 08:00:27:AB:58:94 (PCS Systemtechnik/Oracle VirtualBox virtual NIC)\n\nNmap done: 1 IP address (1 host up) scanned in 4.23 seconds\n",
      "stderr_full": "",
      "stdout": "Starting Nmap 7.95 ( https://nmap.org ) at 2025-09-01 14:12 +01\nNmap scan report for 192.168.1.113\nHost is up (0.0022s latency).\n\nPORT     STATE         SERVICE\n22/tcp   open|filtered ssh\n53/tcp   closed        domain\n80/tcp   open|filtered http\n139/tcp  open|filtered netbios-ssn\n443/tcp  open|filtered https\n445/tcp  open|filtered microsoft-ds\n3389/tcp closed        ms-wbt-server\nMAC Address: 08:00:27:AB:58:94 (PCS Systemtechnik/Oracle VirtualBox virtual NIC)\n\nNmap done: 1 IP address (1 host up) scanned in 4.23 seconds\n",
      "stderr": "",
      "interpretation": "Nmap parsed states: closed=2; open|filtered=5",
      "skipped": false,
      "success": true
    },
    {
      "name": "Packet fragmentation",
      "tool": "nmap",
      "command": "nmap 192.168.1.113 -n -Pn -p 22,80,445,139,443,3389,53 -sS -f --mtu 16 -T0",
      "rationale": "Fragment TCP headers to evade stateless ACLs and signature-based IDS.",
      "returncode": 0,
      "stdout_full": "Starting Nmap 7.95 ( https://nmap.org ) at 2025-09-01 14:12 +01\nNmap scan report for 192.168.1.113\nHost is up (0.00073s latency).\n\nPORT     STATE  SERVICE\n22/tcp   open   ssh\n53/tcp   closed domain\n80/tcp   open   http\n139/tcp  open   netbios-ssn\n443/tcp  open   https\n445/tcp  open   microsoft-ds\n3389/tcp closed ms-wbt-server\nMAC Address: 08:00:27:AB:58:94 (PCS Systemtechnik/Oracle VirtualBox virtual NIC)\n\nNmap done: 1 IP address (1 host up) scanned in 2400.47 seconds\n",
      "stderr_full": "",
      "stdout": "Starting Nmap 7.95 ( https://nmap.org ) at 2025-09-01 14:12 +01\nNmap scan report for 192.168.1.113\nHost is up (0.00073s latency).\n\nPORT     STATE  SERVICE\n22/tcp   open   ssh\n53/tcp   closed domain\n80/tcp   open   http\n139/tcp  open   netbios-ssn\n443/tcp  open   https\n445/tcp  open   microsoft-ds\n3389/tcp closed ms-wbt-server\nMAC Address: 08:00:27:AB:58:94 (PCS Systemtechnik/Oracle VirtualBox virtual NIC)\n\nNmap done: 1 IP address (1 host up) scanned in 2400.47 seconds\n",
      "stderr": "",
      "interpretation": "Nmap parsed states: closed=2; open=5",
      "skipped": false,
      "success": true
    },
    {
      "name": "DNS version.bind (CHAOS)",
      "tool": "dig",
      "command": "dig @192.168.1.113 version.bind CHAOS TXT",
      "rationale": "If DNS responds, reveal BIND version to assess defense stack exposure.",
      "returncode": 9,
      "stdout_full": ";; communications error to 192.168.1.113#53: connection refused\n;; communications error to 192.168.1.113#53: connection refused\n;; communications error to 192.168.1.113#53: connection refused\n\n; <<>> DiG 9.20.9-1-Debian <<>> @192.168.1.113 version.bind CHAOS TXT\n; (1 server found)\n;; global options: +cmd\n;; no servers could be reached\n",
      "stderr_full": "",
      "stdout": ";; communications error to 192.168.1.113#53: connection refused\n;; communications error to 192.168.1.113#53: connection refused\n;; communications error to 192.168.1.113#53: connection refused\n\n; <<>> DiG 9.20.9-1-Debian <<>> @192.168.1.113 version.bind CHAOS TXT\n; (1 server found)\n;; global options: +cmd\n;; no servers could be reached\n",
      "stderr": "",
      "interpretation": "DNS CHAOS query failed (no DNS reachable on target)",
      "skipped": false,
      "success": false
    },
    {
      "name": "nc validate from source port 53",
      "tool": "ncat",
      "command": "ncat -nv --source-port 53 192.168.1.113 50000",
      "rationale": "Validate port accessibility using DNS-like source port to confirm Nmap findings.",
      "returncode": 1,
      "stdout_full": "",
      "stderr_full": "Ncat: Version 7.95 ( https://nmap.org/ncat )\nNcat: Connection refused.\n",
      "stdout": "",
      "stderr": "Ncat: Version 7.95 ( https://nmap.org/ncat )\nNcat: Connection refused.\n",
      "interpretation": "Netcat refused (port closed but reachable)",
      "skipped": false,
      "success": false
    },
    {
      "name": "proxychains nmap TCP connect",
      "tool": "proxychains,nmap",
      "command": "proxychains nmap -sT -Pn -p 80,443 192.168.1.113",
      "rationale": "Demonstrate scanning via proxies to bypass IP-based blocks/EDR egress rules.",
      "returncode": 0,
      "stdout_full": "Starting Nmap 7.95 ( https://nmap.org ) at 2025-09-01 14:52 +01\nNmap scan report for 192.168.1.113 (192.168.1.113)\nHost is up (0.00093s latency).\n\nPORT    STATE SERVICE\n80/tcp  open  http\n443/tcp open  https\n\nNmap done: 1 IP address (1 host up) scanned in 0.27 seconds\n",
      "stderr_full": "[proxychains] config file found: /etc/proxychains4.conf\n[proxychains] preloading /usr/lib/x86_64-linux-gnu/libproxychains.so.4\n[proxychains] DLL init: proxychains-ng 4.17\n[proxychains] DLL init: proxychains-ng 4.17\n[proxychains] DLL init: proxychains-ng 4.17\n",
      "stdout": "Starting Nmap 7.95 ( https://nmap.org ) at 2025-09-01 14:52 +01\nNmap scan report for 192.168.1.113 (192.168.1.113)\nHost is up (0.00093s latency).\n\nPORT    STATE SERVICE\n80/tcp  open  http\n443/tcp open  https\n\nNmap done: 1 IP address (1 host up) scanned in 0.27 seconds\n",
      "stderr": "[proxychains] config file found: /etc/proxychains4.conf\n[proxychains] preloading /usr/lib/x86_64-linux-gnu/libproxychains.so.4\n[proxychains] DLL init: proxychains-ng 4.17\n[proxychains] DLL init: proxychains-ng 4.17\n[proxychains] DLL init: proxychains-ng 4.17\n",
      "interpretation": "Nmap parsed states: open=2",
      "skipped": false,
      "success": true
    },
    {
      "name": "FIN stealth scan (focused)",
      "tool": "nmap",
      "command": "nmap 192.168.1.113 -n -Pn -p 50000 -sF --max-retries 1 --scan-delay 200ms",
      "returncode": 0,
      "stdout_full": "Starting Nmap 7.95 ( https://nmap.org ) at 2025-09-01 14:52 +01\nNmap scan report for 192.168.1.113\nHost is up (0.00021s latency).\n\nPORT      STATE  SERVICE\n50000/tcp closed ibm-db2\nMAC Address: 08:00:27:AB:58:94 (PCS Systemtechnik/Oracle VirtualBox virtual NIC)\n\nNmap done: 1 IP address (1 host up) scanned in 0.87 seconds\n",
      "stderr_full": "",
      "stdout": "Starting Nmap 7.95 ( https://nmap.org ) at 2025-09-01 14:52 +01\nNmap scan report for 192.168.1.113\nHost is up (0.00021s latency).\n\nPORT      STATE  SERVICE\n50000/tcp closed ibm-db2\nMAC Address: 08:00:27:AB:58:94 (PCS Systemtechnik/Oracle VirtualBox virtual NIC)\n\nNmap done: 1 IP address (1 host up) scanned in 0.87 seconds\n",
      "stderr": "",
      "interpretation": "Nmap parsed states: closed=1",
      "skipped": false,
      "success": true
    },
    {
      "name": "NULL stealth scan (focused)",
      "tool": "nmap",
      "command": "nmap 192.168.1.113 -n -Pn -p 50000 -sN --max-retries 1 --scan-delay 200ms",
      "returncode": 0,
      "stdout_full": "Starting Nmap 7.95 ( https://nmap.org ) at 2025-09-01 14:52 +01\nNmap scan report for 192.168.1.113\nHost is up (0.00050s latency).\n\nPORT      STATE  SERVICE\n50000/tcp closed ibm-db2\nMAC Address: 08:00:27:AB:58:94 (PCS Systemtechnik/Oracle VirtualBox virtual NIC)\n\nNmap done: 1 IP address (1 host up) scanned in 0.81 seconds\n",
      "stderr_full": "",
      "stdout": "Starting Nmap 7.95 ( https://nmap.org ) at 2025-09-01 14:52 +01\nNmap scan report for 192.168.1.113\nHost is up (0.00050s latency).\n\nPORT      STATE  SERVICE\n50000/tcp closed ibm-db2\nMAC Address: 08:00:27:AB:58:94 (PCS Systemtechnik/Oracle VirtualBox virtual NIC)\n\nNmap done: 1 IP address (1 host up) scanned in 0.81 seconds\n",
      "stderr": "",
      "interpretation": "Nmap parsed states: closed=1",
      "skipped": false,
      "success": true
    },
    {
      "name": "XMAS stealth scan (focused)",
      "tool": "nmap",
      "command": "nmap 192.168.1.113 -n -Pn -p 50000 -sX --max-retries 1 --scan-delay 200ms",
      "returncode": 0,
      "stdout_full": "Starting Nmap 7.95 ( https://nmap.org ) at 2025-09-01 14:52 +01\nNmap scan report for 192.168.1.113\nHost is up (0.0038s latency).\n\nPORT      STATE  SERVICE\n50000/tcp closed ibm-db2\nMAC Address: 08:00:27:AB:58:94 (PCS Systemtechnik/Oracle VirtualBox virtual NIC)\n\nNmap done: 1 IP address (1 host up) scanned in 0.80 seconds\n",
      "stderr_full": "",
      "stdout": "Starting Nmap 7.95 ( https://nmap.org ) at 2025-09-01 14:52 +01\nNmap scan report for 192.168.1.113\nHost is up (0.0038s latency).\n\nPORT      STATE  SERVICE\n50000/tcp closed ibm-db2\nMAC Address: 08:00:27:AB:58:94 (PCS Systemtechnik/Oracle VirtualBox virtual NIC)\n\nNmap done: 1 IP address (1 host up) scanned in 0.80 seconds\n",
      "stderr": "",
      "interpretation": "Nmap parsed states: closed=1",
      "skipped": false,
      "success": true
    },
    {
      "name": "nc PoC from source port 53 to 22",
      "tool": "ncat",
      "command": "printf 'HEAD / HTTP/1.0\r\n\r\n' | ncat -nv --source-port 53 192.168.1.113 22",
      "returncode": 0,
      "stdout_full": "HEAD / HTTP/1.0\n\n",
      "stderr_full": "printf: warning: ignoring excess arguments, starting with \u2018|\u2019\n",
      "stdout": "HEAD / HTTP/1.0\n\n",
      "stderr": "printf: warning: ignoring excess arguments, starting with \u2018|\u2019\n",
      "interpretation": "Netcat did not establish a connection",
      "skipped": false,
      "success": true
    },
    {
      "name": "nc PoC from source port 53 to 80",
      "tool": "ncat",
      "command": "printf 'HEAD / HTTP/1.0\r\n\r\n' | ncat -nv --source-port 53 192.168.1.113 80",
      "returncode": 0,
      "stdout_full": "HEAD / HTTP/1.0\n\n",
      "stderr_full": "printf: warning: ignoring excess arguments, starting with \u2018|\u2019\n",
      "stdout": "HEAD / HTTP/1.0\n\n",
      "stderr": "printf: warning: ignoring excess arguments, starting with \u2018|\u2019\n",
      "interpretation": "Netcat did not establish a connection",
      "skipped": false,
      "success": true
    },
    {
      "name": "nc PoC from source port 53 to 139",
      "tool": "ncat",
      "command": "printf 'HEAD / HTTP/1.0\r\n\r\n' | ncat -nv --source-port 53 192.168.1.113 139",
      "returncode": 0,
      "stdout_full": "HEAD / HTTP/1.0\n\n",
      "stderr_full": "printf: warning: ignoring excess arguments, starting with \u2018|\u2019\n",
      "stdout": "HEAD / HTTP/1.0\n\n",
      "stderr": "printf: warning: ignoring excess arguments, starting with \u2018|\u2019\n",
      "interpretation": "Netcat did not establish a connection",
      "skipped": false,
      "success": true
    },
    {
      "name": "nc PoC from source port 53 to 443",
      "tool": "ncat",
      "command": "printf 'HEAD / HTTP/1.0\r\n\r\n' | ncat -nv --source-port 53 192.168.1.113 443",
      "returncode": 0,
      "stdout_full": "HEAD / HTTP/1.0\n\n",
      "stderr_full": "printf: warning: ignoring excess arguments, starting with \u2018|\u2019\n",
      "stdout": "HEAD / HTTP/1.0\n\n",
      "stderr": "printf: warning: ignoring excess arguments, starting with \u2018|\u2019\n",
      "interpretation": "Netcat did not establish a connection",
      "skipped": false,
      "success": true
    },
    {
      "name": "nc PoC from source port 53 to 445",
      "tool": "ncat",
      "command": "printf 'HEAD / HTTP/1.0\r\n\r\n' | ncat -nv --source-port 53 192.168.1.113 445",
      "returncode": 0,
      "stdout_full": "HEAD / HTTP/1.0\n\n",
      "stderr_full": "printf: warning: ignoring excess arguments, starting with \u2018|\u2019\n",
      "stdout": "HEAD / HTTP/1.0\n\n",
      "stderr": "printf: warning: ignoring excess arguments, starting with \u2018|\u2019\n",
      "interpretation": "Netcat did not establish a connection",
      "skipped": false,
      "success": true
    }
  ],
  "analysis": {
    "22": {
      "final": "open",
      "history": [
        {
          "from": "ACK",
          "state": "unfiltered"
        },
        {
          "from": "SYN",
          "state": "open"
        },
        {
          "from": "NMAP",
          "state": "open|filtered"
        },
        {
          "from": "NMAP",
          "state": "open|filtered"
        },
        {
          "from": "NMAP",
          "state": "open|filtered"
        },
        {
          "from": "ACK",
          "state": "open"
        }
      ],
      "reason": "Opened according to ACK"
    },
    "53": {
      "final": "closed",
      "history": [
        {
          "from": "ACK",
          "state": "unfiltered"
        },
        {
          "from": "SYN",
          "state": "closed"
        },
        {
          "from": "NMAP",
          "state": "closed"
        },
        {
          "from": "NMAP",
          "state": "closed"
        },
        {
          "from": "NMAP",
          "state": "closed"
        },
        {
          "from": "ACK",
          "state": "closed"
        }
      ]
    },
    "80": {
      "final": "open",
      "history": [
        {
          "from": "ACK",
          "state": "unfiltered"
        },
        {
          "from": "SYN",
          "state": "open"
        },
        {
          "from": "NMAP",
          "state": "open|filtered"
        },
        {
          "from": "NMAP",
          "state": "open|filtered"
        },
        {
          "from": "NMAP",
          "state": "open|filtered"
        },
        {
          "from": "ACK",
          "state": "open"
        },
        {
          "from": "NMAP",
          "state": "open"
        }
      ],
      "reason": "Opened according to NMAP"
    },
    "139": {
      "final": "open",
      "history": [
        {
          "from": "ACK",
          "state": "unfiltered"
        },
        {
          "from": "SYN",
          "state": "open"
        },
        {
          "from": "NMAP",
          "state": "open|filtered"
        },
        {
          "from": "NMAP",
          "state": "open|filtered"
        },
        {
          "from": "NMAP",
          "state": "open|filtered"
        },
        {
          "from": "ACK",
          "state": "open"
        }
      ],
      "reason": "Opened according to ACK"
    },
    "443": {
      "final": "open",
      "history": [
        {
          "from": "ACK",
          "state": "unfiltered"
        },
        {
          "from": "SYN",
          "state": "open"
        },
        {
          "from": "NMAP",
          "state": "open|filtered"
        },
        {
          "from": "NMAP",
          "state": "open|filtered"
        },
        {
          "from": "NMAP",
          "state": "open|filtered"
        },
        {
          "from": "ACK",
          "state": "open"
        },
        {
          "from": "NMAP",
          "state": "open"
        }
      ],
      "reason": "Opened according to NMAP"
    },
    "445": {
      "final": "open",
      "history": [
        {
          "from": "ACK",
          "state": "unfiltered"
        },
        {
          "from": "SYN",
          "state": "open"
        },
        {
          "from": "NMAP",
          "state": "open|filtered"
        },
        {
          "from": "NMAP",
          "state": "open|filtered"
        },
        {
          "from": "NMAP",
          "state": "open|filtered"
        },
        {
          "from": "ACK",
          "state": "open"
        }
      ],
      "reason": "Opened according to ACK"
    },
    "3389": {
      "final": "closed",
      "history": [
        {
          "from": "ACK",
          "state": "unfiltered"
        },
        {
          "from": "SYN",
          "state": "closed"
        },
        {
          "from": "NMAP",
          "state": "closed"
        },
        {
          "from": "NMAP",
          "state": "closed"
        },
        {
          "from": "NMAP",
          "state": "closed"
        },
        {
          "from": "ACK",
          "state": "closed"
        }
      ]
    },
    "50000": {
      "final": "closed",
      "history": [
        {
          "from": "NMAP",
          "state": "closed"
        },
        {
          "from": "NMAP",
          "state": "closed"
        },
        {
          "from": "NMAP",
          "state": "closed"
        }
      ]
    }
  }
}