{
    "target": "192.168.1.50",
    "nfs_version": "nfs",
    "nfs_exports": [
        "none"
    ],
    "nfs_exports_count": 0,
    "rpc_services_count": 23,
    "exploits_found": "yes",
    "metasploit_modules": [
        "exploit/multi/http/atlassian_confluence_namespace_ognl_injection",
        "exploit/multi/http/atlassian_confluence_rce_cve_2024_21683",
        "exploit/multi/http/atlassian_confluence_unauth_backup",
        "exploit/multi/http/atlassian_confluence_webwork_ognl_injection",
        "exploit/netware/sunrpc/pkernel_callit",
        "exploit/osx/local/nfs_mount_root",
        "exploit/windows/ftp/labf_nfsaxe",
        "exploit/windows/ftp/xlink_client",
        "exploit/windows/ftp/xlink_server",
        "exploit/windows/nfs/xlink_nfsd"
    ]
}