{
  "invalid_server_strings": [],
  "server_scan_results": [
    {
      "uuid": "f324ef5d-df29-4e90-8a89-b753dd678b2a",
      "server_location": {
        "hostname": "192.168.1.50",
        "port": 443,
        "connection_type": "DIRECT",
        "ip_address": "192.168.1.50",
        "http_proxy_settings": null
      },
      "network_configuration": {
        "tls_server_name_indication": "192.168.1.50",
        "tls_opportunistic_encryption": null,
        "tls_client_auth_credentials": null,
        "xmpp_to_hostname": null,
        "network_timeout": 5,
        "network_max_retries": 3
      },
      "connectivity_status": "ERROR",
      "connectivity_error_trace": "Traceback (most recent call last):\n  File \"/usr/lib/python3/dist-packages/sslyze/scanner/_mass_connectivity_tester.py\", line 120, in run\n    tls_probing_result = check_connectivity_to_server(\n        server_location=scan_request.server_location,\n        network_configuration=scan_request.network_configuration,\n    )\n  File \"/usr/lib/python3/dist-packages/sslyze/server_connectivity.py\", line 74, in check_connectivity_to_server\n    tls_detection_result = _detect_support_for_tls_1_3(\n        server_location=server_location,\n        network_config=network_configuration,\n    )\n  File \"/usr/lib/python3/dist-packages/sslyze/server_connectivity.py\", line 244, in _detect_support_for_tls_1_3\n    ssl_connection.connect(should_retry_connection=False)\n    ~~~~~~~~~~~~~~~~~~~~~~^^^^^^^^^^^^^^^^^^^^^^^^^^^^^^^\n  File \"/usr/lib/python3/dist-packages/sslyze/connection_helpers/tls_connection.py\", line 281, in connect\n    raise ServerRejectedConnection(\n    ...<3 lines>...\n    )\nsslyze.errors.ServerRejectedConnection: 192.168.1.50:443 -> \"Server rejected the connection\".\n",
      "connectivity_result": null,
      "scan_status": "ERROR_NO_CONNECTIVITY",
      "scan_result": null
    }
  ],
  "date_scans_started": "2025-09-02T15:57:12.306436Z",
  "date_scans_completed": "2025-09-02T15:57:12.489125Z",
  "sslyze_version": "6.1.0",
  "sslyze_url": "https://github.com/nabla-c0d3/sslyze"
}