{
  "type": "phpinfo_intelligence",
  "system_info": {
    "os": "Linux metasploitable 2.6.24-16-server #1 SMP Thu Apr 10 13:58:00 UTC 2008 i686",
    "hostname": "192.168.1.50",
    "document_root": "/var/www/",
    "server_software": "Apache/2.2.8 (Ubuntu) DAV/2",
    "php_version": "5.2.4",
    "server_admin": "webmaster@localhost"
  },
  "php_config": {},
  "security_info": {
    "allow_url_fopen": "On",
    "allow_url_include": "Off",
    "display_errors": "On",
    "file_uploads": "On",
    "register_globals": "Off",
    "safe_mode": "Off"
  },
  "file_paths": {
    "include_path": ".:/usr/share/php:/usr/share/pear",
    "extension_dir": "/usr/lib/php5/20060613+lfs",
    "session_save_path": "/var/lib/php5"
  },
  "database_info": {},
  "post_exploit_vectors": {
    "available_dangerous_functions": [
      "exec",
      "system",
      "shell_exec",
      "passthru",
      "eval",
      "file_get_contents",
      "file_put_contents"
    ],
    "file_upload_enabled": true,
    "upload_max_filesize": "2M",
    "remote_file_access": true
  }
}