{
    "target": "192.168.1.50",
    "nmap_vnc_banner": "Starting Nmap 7.95 ( https://nmap.org ) at 2025-09-02 16:12 +01\nNmap scan report for 192.168.1.50 (192.168.1.50)\nHost is up (0.0060s latency).\n\nPORT     STATE SERVICE VERSION\n5900/tcp open  vnc     VNC (protocol 3.3)\nMAC Address: 08:00:27:58:9E:87 (PCS Systemtechnik/Oracle VirtualBox virtual NIC)\n\nService detection performed. Please report any incorrect results at https://nmap.org/submit/ .\nNmap done: 1 IP address (1 host up) scanned in 1.41 seconds",
    "raw_vnc_banner": "RFB 003.003",
    "msf_exploit_found": "no",
    "msf_exploit_mods": [
        "none"
    ],
    "msf_exploit_cves": [
        "none"
    ]
}