{
  "target": "192.168.1.50",
  "port": 21,
  "server": "vsftpd",
  "version": "2.3.4",
  "anonymous_login_allowed": "yes",
  "anonymous_upload_allowed": "no",
  "backdoor_detected": "yes",
  "ftp_syst": {
    "|   STAT": "",
    "| FTP server status": "",
    "|      TYPE": "ASCII",
    "| ftp-vsftpd-backdoor": "",
    "|   VULNERABLE": "",
    "|     State": "VULNERABLE (Exploitable)",
    "|     IDs": "BID:48539  CVE:CVE-2011-2523",
    "|     Disclosure date": "2011-07-03",
    "|     Exploit results": "",
    "|       Shell command": "id",
    "|       Results": "uid=0(root) gid=0(root)",
    "|     References": "",
    "|       https": "//cve.mitre.org/cgi-bin/cvename.cgi?name=CVE-2011-2523",
    "|       http": "//scarybeastsecurity.blogspot.com/2011/07/alert-vsftpd-download-backdoored.html",
    "|_      https": "//www.securityfocus.com/bid/48539",
    "|_ftp-anon": "Anonymous FTP login allowed (FTP code 230)",
    "MAC Address": "08:00:27:58:9E:87 (PCS Systemtechnik/Oracle VirtualBox virtual NIC)",
    "Service Info": "OS: Unix"
  },
  "exploitdb_mods": [
    "vsftpd 2.3.4 - Backdoor Command Execution (unix/remote/49757.py)",
    "vsftpd 2.3.4 - Backdoor Command Execution (Metasploit) (unix/remote/17491.rb)"
  ],
  "exploitdb_cves": [
    "none"
  ],
  "msf_mods": [
    "exploit/unix/ftp/vsftpd_234_backdoor"
  ],
  "msf_cves": [
    "none"
  ]
}