{
  "target": "192.168.1.113",
  "port": 22,
  "server": "OpenSSH",
  "version": "5.3p1",
  "auth_methods": [
    ""
  ],
  "allows_password_auth": false,
  "audit": {},
  "exploitdb_mods": [
    "OpenSSH 2.3 < 7.7 - Username Enumeration (PoC) (linux/remote/45210.py)",
    "OpenSSH 2.3 < 7.7 - Username Enumeration (linux/remote/45233.py)",
    "OpenSSH < 6.6 SFTP (x64) - Command Execution (linux_x86-64/remote/45000.c)",
    "OpenSSH < 6.6 SFTP - Command Execution (linux/remote/45001.py)",
    "OpenSSH < 7.4 - 'UsePrivilegeSeparation Disabled' Forwarded Unix Domain So (linux/local/40962.txt)",
    "OpenSSH < 7.4 - agent Protocol Arbitrary Library Loading (linux/remote/40963.txt)",
    "OpenSSH < 7.7 - User Enumeration (2) (linux/remote/45939.py)"
  ],
  "exploitdb_cves": [
    "none"
  ],
  "msf_mods": [
    "none"
  ],
  "msf_cves": [
    "none"
  ]
}