{
    "target": "192.168.1.50",
    "nmap_irc_banner": "Starting Nmap 7.95 ( https://nmap.org ) at 2025-09-02 16:01 +01\nNmap scan report for 192.168.1.50 (192.168.1.50)\nHost is up (0.010s latency).\n\nPORT     STATE SERVICE VERSION\n6667/tcp open  irc     UnrealIRCd\nMAC Address: 08:00:27:58:9E:87 (PCS Systemtechnik/Oracle VirtualBox virtual NIC)\nService Info: Host: irc.Metasploitable.LAN\n\nService detection performed. Please report any incorrect results at https://nmap.org/submit/ .\nNmap done: 1 IP address (1 host up) scanned in 1.08 seconds",
    "irc_raw_banner": "ERROR :Closing Link: [192.168.1.16] (Throttled: Reconnecting too fast) -Email admin@Metasploitable.LAN for more information.",
    "msf_exploit_found": "no",
    "msf_exploit_mods": [
        "none"
    ],
    "msf_exploit_cves": [
        "none"
    ]
}