{
    "target": "192.168.1.113",
    "timestamp": "2025-09-01T23:39:51.688333",
    "scans": {
        "tcp_fast": {
            "file": "/home/reda_daal/Desktop/Offsec/outputs/192.168.1.113_tcp_fast.txt",
            "exists": true,
            "size": 1755
        },
        "tcp_full": {
            "file": "/home/reda_daal/Desktop/Offsec/outputs/192.168.1.113_tcp_full.txt",
            "exists": true,
            "size": 1488
        },
        "udp_fast": {
            "file": "/home/reda_daal/Desktop/Offsec/outputs/192.168.1.113_udp_fast.txt",
            "exists": true,
            "size": 1099
        }
    }
}