{
    "target": "192.168.1.113",
    "os_fingerprint": "Linux 2.6.17 - 2.6.36",
    "http_banner": "Apache/2.2.14 (Ubuntu) mod_mono/2.4.3 PHP/5.3.2-1ubuntu4.30 with Suhosin-Patch proxy_html/3.0.1 mod_python/3.3.1 Python/2.6.5 mod_ssl/2.2.14 OpenSSL/0.9.8k Phusion_Passenger/4.0.38 mod_perl/2.0.4 Perl/v5.10.1",
    "https_banner": "unknown",
    "discovered_endpoints": [
        {
            "url": "http://192.168.1.113/.svn/entries.zip",
            "type": "general_endpoint",
            "parameters": [
                "id",
                "file",
                "page",
                "param",
                "action"
            ]
        },
        {
            "url": "http://192.168.1.113/.svnignore.config",
            "type": "sensitive_file",
            "parameters": [
                "file",
                "path",
                "include"
            ]
        },
        {
            "url": "http://192.168.1.113/.svnignore.zip",
            "type": "general_endpoint",
            "parameters": [
                "id",
                "file",
                "page",
                "param",
                "action"
            ]
        },
        {
            "url": "http://192.168.1.113/.htaccess.bak",
            "type": "sensitive_file",
            "parameters": [
                "file",
                "path",
                "include"
            ]
        },
        {
            "url": "http://192.168.1.113/cgi-bin/",
            "type": "general_endpoint",
            "parameters": [
                "id",
                "file",
                "page",
                "param",
                "action"
            ]
        },
        {
            "url": "http://192.168.1.113/.htpasswd.bak",
            "type": "sensitive_file",
            "parameters": [
                "file",
                "path",
                "include"
            ]
        },
        {
            "url": "http://192.168.1.113/phpmyadmin",
            "type": "admin_panel",
            "parameters": [
                "username",
                "password",
                "user",
                "pass",
                "admin",
                "login",
                "auth"
            ]
        },
        {
            "url": "http://192.168.1.113/.htpasswd",
            "type": "general_endpoint",
            "parameters": [
                "id",
                "file",
                "page",
                "param",
                "action"
            ]
        },
        {
            "url": "http://192.168.1.113/.svn.php",
            "type": "dynamic_file",
            "parameters": [
                "id",
                "file",
                "page",
                "include",
                "path",
                "cmd",
                "exec",
                "param",
                "action"
            ]
        },
        {
            "url": "http://192.168.1.113/.htpasswd.zip",
            "type": "general_endpoint",
            "parameters": [
                "id",
                "file",
                "page",
                "param",
                "action"
            ]
        },
        {
            "url": "http://192.168.1.113/.htpasswd.txt",
            "type": "general_endpoint",
            "parameters": [
                "id",
                "file",
                "page",
                "param",
                "action"
            ]
        },
        {
            "url": "http://192.168.1.113/.svn.zip",
            "type": "general_endpoint",
            "parameters": [
                "id",
                "file",
                "page",
                "param",
                "action"
            ]
        },
        {
            "url": "http://192.168.1.113/.htpasswd.config",
            "type": "sensitive_file",
            "parameters": [
                "file",
                "path",
                "include"
            ]
        },
        {
            "url": "http://192.168.1.113/.svn.config",
            "type": "sensitive_file",
            "parameters": [
                "file",
                "path",
                "include"
            ]
        },
        {
            "url": "http://192.168.1.113/.hta.txt",
            "type": "general_endpoint",
            "parameters": [
                "id",
                "file",
                "page",
                "param",
                "action"
            ]
        },
        {
            "url": "http://192.168.1.113/.htaccess.zip",
            "type": "general_endpoint",
            "parameters": [
                "id",
                "file",
                "page",
                "param",
                "action"
            ]
        },
        {
            "url": "http://192.168.1.113/.svnignore.php",
            "type": "dynamic_file",
            "parameters": [
                "id",
                "file",
                "page",
                "include",
                "path",
                "cmd",
                "exec",
                "param",
                "action"
            ]
        },
        {
            "url": "http://192.168.1.113/javascript",
            "type": "general_endpoint",
            "parameters": [
                "id",
                "file",
                "page",
                "param",
                "action"
            ]
        },
        {
            "url": "http://192.168.1.113/.svn.txt",
            "type": "general_endpoint",
            "parameters": [
                "id",
                "file",
                "page",
                "param",
                "action"
            ]
        },
        {
            "url": "http://192.168.1.113/phpBB2",
            "type": "general_endpoint",
            "parameters": [
                "id",
                "file",
                "page",
                "param",
                "action"
            ]
        },
        {
            "url": "http://192.168.1.113/icon",
            "type": "general_endpoint",
            "parameters": [
                "id",
                "file",
                "page",
                "param",
                "action"
            ]
        },
        {
            "url": "http://192.168.1.113/.hta.bak",
            "type": "sensitive_file",
            "parameters": [
                "file",
                "path",
                "include"
            ]
        },
        {
            "url": "http://192.168.1.113/joomla",
            "type": "general_endpoint",
            "parameters": [
                "id",
                "file",
                "page",
                "param",
                "action"
            ]
        },
        {
            "url": "http://192.168.1.113/.htaccess.config",
            "type": "sensitive_file",
            "parameters": [
                "file",
                "path",
                "include"
            ]
        },
        {
            "url": "http://192.168.1.113/.htaccess.txt",
            "type": "general_endpoint",
            "parameters": [
                "id",
                "file",
                "page",
                "param",
                "action"
            ]
        },
        {
            "url": "http://192.168.1.113/.svn/entries.txt",
            "type": "general_endpoint",
            "parameters": [
                "id",
                "file",
                "page",
                "param",
                "action"
            ]
        },
        {
            "url": "http://192.168.1.113/images",
            "type": "upload_directory",
            "parameters": [
                "file",
                "upload",
                "image",
                "document",
                "attachment"
            ]
        },
        {
            "url": "http://192.168.1.113/index",
            "type": "general_endpoint",
            "parameters": [
                "id",
                "file",
                "page",
                "param",
                "action"
            ]
        },
        {
            "url": "http://192.168.1.113/.bash_history",
            "type": "general_endpoint",
            "parameters": [
                "id",
                "file",
                "page",
                "param",
                "action"
            ]
        },
        {
            "url": "http://192.168.1.113/.svn/entries.config",
            "type": "sensitive_file",
            "parameters": [
                "file",
                "path",
                "include"
            ]
        },
        {
            "url": "http://192.168.1.113/.htaccess",
            "type": "general_endpoint",
            "parameters": [
                "id",
                "file",
                "page",
                "param",
                "action"
            ]
        },
        {
            "url": "http://192.168.1.113/cgi-bin",
            "type": "general_endpoint",
            "parameters": [
                "id",
                "file",
                "page",
                "param",
                "action"
            ]
        },
        {
            "url": "http://192.168.1.113/.svn/entries",
            "type": "general_endpoint",
            "parameters": [
                "id",
                "file",
                "page",
                "param",
                "action"
            ]
        },
        {
            "url": "http://192.168.1.113/assets",
            "type": "general_endpoint",
            "parameters": [
                "id",
                "file",
                "page",
                "param",
                "action"
            ]
        },
        {
            "url": "http://192.168.1.113/.svnignore.bak",
            "type": "sensitive_file",
            "parameters": [
                "file",
                "path",
                "include"
            ]
        },
        {
            "url": "http://192.168.1.113/index.html",
            "type": "general_endpoint",
            "parameters": [
                "id",
                "file",
                "page",
                "param",
                "action"
            ]
        },
        {
            "url": "http://192.168.1.113/test",
            "type": "general_endpoint",
            "parameters": [
                "id",
                "file",
                "page",
                "param",
                "action"
            ]
        },
        {
            "url": "http://192.168.1.113/evil",
            "type": "general_endpoint",
            "parameters": [
                "id",
                "file",
                "page",
                "param",
                "action"
            ]
        },
        {
            "url": "http://192.168.1.113/crossdomain.xml",
            "type": "api_endpoint",
            "parameters": [
                "id",
                "param",
                "data",
                "token",
                "key"
            ]
        },
        {
            "url": "http://192.168.1.113/.hta.config",
            "type": "sensitive_file",
            "parameters": [
                "file",
                "path",
                "include"
            ]
        },
        {
            "url": "http://192.168.1.113/.hta.php",
            "type": "dynamic_file",
            "parameters": [
                "id",
                "file",
                "page",
                "include",
                "path",
                "cmd",
                "exec",
                "param",
                "action"
            ]
        },
        {
            "url": "http://192.168.1.113/.svnignore",
            "type": "general_endpoint",
            "parameters": [
                "id",
                "file",
                "page",
                "param",
                "action"
            ]
        },
        {
            "url": "http://192.168.1.113/wordpress",
            "type": "general_endpoint",
            "parameters": [
                "id",
                "file",
                "page",
                "param",
                "action"
            ]
        },
        {
            "url": "http://192.168.1.113/.svn/entries.php",
            "type": "dynamic_file",
            "parameters": [
                "id",
                "file",
                "page",
                "include",
                "path",
                "cmd",
                "exec",
                "param",
                "action"
            ]
        },
        {
            "url": "http://192.168.1.113/.htpasswd.php",
            "type": "dynamic_file",
            "parameters": [
                "id",
                "file",
                "page",
                "include",
                "path",
                "cmd",
                "exec",
                "param",
                "action"
            ]
        },
        {
            "url": "http://192.168.1.113/.htaccess.php",
            "type": "dynamic_file",
            "parameters": [
                "id",
                "file",
                "page",
                "include",
                "path",
                "cmd",
                "exec",
                "param",
                "action"
            ]
        },
        {
            "url": "http://192.168.1.113/.hta.zip",
            "type": "general_endpoint",
            "parameters": [
                "id",
                "file",
                "page",
                "param",
                "action"
            ]
        },
        {
            "url": "http://192.168.1.113/.svnignore.txt",
            "type": "general_endpoint",
            "parameters": [
                "id",
                "file",
                "page",
                "param",
                "action"
            ]
        },
        {
            "url": "http://192.168.1.113/gallery2",
            "type": "general_endpoint",
            "parameters": [
                "id",
                "file",
                "page",
                "param",
                "action"
            ]
        },
        {
            "url": "http://192.168.1.113/.svn.bak",
            "type": "sensitive_file",
            "parameters": [
                "file",
                "path",
                "include"
            ]
        },
        {
            "url": "http://192.168.1.113/favicon.ico",
            "type": "general_endpoint",
            "parameters": [
                "id",
                "file",
                "page",
                "param",
                "action"
            ]
        },
        {
            "url": "http://192.168.1.113/.hta",
            "type": "general_endpoint",
            "parameters": [
                "id",
                "file",
                "page",
                "param",
                "action"
            ]
        },
        {
            "url": "http://192.168.1.113/crossdomain",
            "type": "general_endpoint",
            "parameters": [
                "id",
                "file",
                "page",
                "param",
                "action"
            ]
        },
        {
            "url": "http://192.168.1.113/server-status",
            "type": "general_endpoint",
            "parameters": [
                "id",
                "file",
                "page",
                "param",
                "action"
            ]
        },
        {
            "url": "http://192.168.1.113/.svn",
            "type": "general_endpoint",
            "parameters": [
                "id",
                "file",
                "page",
                "param",
                "action"
            ]
        },
        {
            "url": "http://192.168.1.113/.svn/entries.bak",
            "type": "sensitive_file",
            "parameters": [
                "file",
                "path",
                "include"
            ]
        },
        {
            "url": "http://192.168.1.113/cyclone",
            "type": "general_endpoint",
            "parameters": [
                "id",
                "file",
                "page",
                "param",
                "action"
            ]
        },
        {
            "url": "http://192.168.1.113/favicon",
            "type": "general_endpoint",
            "parameters": [
                "id",
                "file",
                "page",
                "param",
                "action"
            ]
        },
        {
            "url": "http://192.168.1.113/ghost",
            "type": "general_endpoint",
            "parameters": [
                "id",
                "file",
                "page",
                "param",
                "action"
            ]
        },
        {
            "url": "http://192.168.1.113/mono",
            "type": "general_endpoint",
            "parameters": [
                "id",
                "file",
                "page",
                "param",
                "action"
            ]
        },
        {
            "url": "http://192.168.1.113/redmine",
            "type": "general_endpoint",
            "parameters": [
                "id",
                "file",
                "page",
                "param",
                "action"
            ]
        },
        {
            "url": "http://192.168.1.113/awstatsicons",
            "type": "general_endpoint",
            "parameters": [
                "id",
                "file",
                "page",
                "param",
                "action"
            ]
        },
        {
            "url": "http://192.168.1.113/tikiwiki",
            "type": "general_endpoint",
            "parameters": [
                "id",
                "file",
                "page",
                "param",
                "action"
            ]
        },
        {
            "url": "http://192.168.1.113/webcal",
            "type": "general_endpoint",
            "parameters": [
                "id",
                "file",
                "page",
                "param",
                "action"
            ]
        },
        {
            "url": "http://code.google.com/p/wavsep/",
            "type": "general_endpoint",
            "parameters": [
                "file",
                "param",
                "id",
                "page"
            ]
        },
        {
            "url": "http://timrohrer.com/blog/?page_id=71",
            "type": "general_endpoint",
            "parameters": [
                "page_id",
                "file",
                "param",
                "id",
                "page"
            ]
        },
        {
            "url": "http://hackxor.sourceforge.net/cgi-bin/index.pl",
            "type": "general_endpoint",
            "parameters": [
                "file",
                "param",
                "id",
                "page"
            ]
        },
        {
            "url": "http://www.owasp.org",
            "type": "general_endpoint",
            "parameters": [
                "file",
                "param",
                "id",
                "page"
            ]
        },
        {
            "url": "http://www.orangehrm.org/",
            "type": "general_endpoint",
            "parameters": [
                "file",
                "param",
                "id",
                "page"
            ]
        },
        {
            "url": "https://sourceforge.net/p/owaspbwa/tickets/?limit=999&amp",
            "type": "general_endpoint",
            "parameters": [
                "limit",
                "file",
                "id",
                "param",
                "page"
            ]
        },
        {
            "url": "http://www.itsecgames.com/",
            "type": "general_endpoint",
            "parameters": [
                "file",
                "param",
                "id",
                "page"
            ]
        },
        {
            "url": "http://gallery.menalto.com/",
            "type": "general_endpoint",
            "parameters": [
                "file",
                "param",
                "id",
                "page"
            ]
        },
        {
            "url": "http://www.owasp.org/index.php/Category",
            "type": "general_endpoint",
            "parameters": [
                "file",
                "param",
                "id",
                "page"
            ]
        },
        {
            "url": "http://www.wildbits.de/mygallery/",
            "type": "general_endpoint",
            "parameters": [
                "file",
                "param",
                "id",
                "page"
            ]
        },
        {
            "url": "http://code.google.com/p/owaspbwa/issues/list",
            "type": "general_endpoint",
            "parameters": [
                "file",
                "param",
                "id",
                "page"
            ]
        },
        {
            "url": "http://www.joomla.org",
            "type": "general_endpoint",
            "parameters": [
                "file",
                "param",
                "id",
                "page"
            ]
        },
        {
            "url": "http://awstats.sourceforge.net/",
            "type": "general_endpoint",
            "parameters": [
                "file",
                "param",
                "id",
                "page"
            ]
        },
        {
            "url": "http://1-liner.org/",
            "type": "general_endpoint",
            "parameters": [
                "file",
                "param",
                "id",
                "page"
            ]
        },
        {
            "url": "http://peruggia.sourceforge.net/",
            "type": "general_endpoint",
            "parameters": [
                "file",
                "param",
                "id",
                "page"
            ]
        },
        {
            "url": "http://www.redmine.org/",
            "type": "general_endpoint",
            "parameters": [
                "file",
                "param",
                "id",
                "page"
            ]
        },
        {
            "url": "https://www.owasp.org/index.php/ESAPI_Swingset",
            "type": "api_endpoint",
            "parameters": [
                "data",
                "param",
                "id"
            ]
        },
        {
            "url": "https://code.google.com/p/owaspbwa/wiki/UserGuide",
            "type": "general_endpoint",
            "parameters": [
                "file",
                "param",
                "id",
                "page"
            ]
        },
        {
            "url": "http://www.gtd-php.com/",
            "type": "general_endpoint",
            "parameters": [
                "file",
                "param",
                "id",
                "page"
            ]
        },
        {
            "url": "https://www.owasp.org/index.php/OWASP_Security_Shepherd",
            "type": "general_endpoint",
            "parameters": [
                "file",
                "param",
                "id",
                "page"
            ]
        },
        {
            "url": "http://www.dvwa.co.uk/",
            "type": "general_endpoint",
            "parameters": [
                "file",
                "param",
                "id",
                "page"
            ]
        },
        {
            "url": "http://www.phpbb.com/",
            "type": "general_endpoint",
            "parameters": [
                "file",
                "param",
                "id",
                "page"
            ]
        },
        {
            "url": "http://code.google.com/p/wivet/",
            "type": "general_endpoint",
            "parameters": [
                "file",
                "param",
                "id",
                "page"
            ]
        },
        {
            "url": "http://code.google.com/p/bodgeit/",
            "type": "general_endpoint",
            "parameters": [
                "file",
                "param",
                "id",
                "page"
            ]
        },
        {
            "url": "http://wordpress.org/",
            "type": "general_endpoint",
            "parameters": [
                "file",
                "param",
                "id",
                "page"
            ]
        },
        {
            "url": "https://github.com/fridaygoldsmith/bwa_cyclone_transfers",
            "type": "general_endpoint",
            "parameters": [
                "file",
                "param",
                "id",
                "page"
            ]
        },
        {
            "url": "http://www.fireeye.com",
            "type": "general_endpoint",
            "parameters": [
                "file",
                "param",
                "id",
                "page"
            ]
        },
        {
            "url": "http://sourceforge.net/projects/getboo/",
            "type": "general_endpoint",
            "parameters": [
                "file",
                "param",
                "id",
                "page"
            ]
        },
        {
            "url": "http://railsgoat.cktricky.com/",
            "type": "general_endpoint",
            "parameters": [
                "file",
                "param",
                "id",
                "page"
            ]
        },
        {
            "url": "http://sechow.com/bricks/",
            "type": "general_endpoint",
            "parameters": [
                "file",
                "param",
                "id",
                "page"
            ]
        },
        {
            "url": "http://info.tiki.org/tiki-index.php",
            "type": "general_endpoint",
            "parameters": [
                "file",
                "param",
                "id",
                "page"
            ]
        },
        {
            "url": "http://www.gh0s7.net",
            "type": "general_endpoint",
            "parameters": [
                "file",
                "param",
                "id",
                "page"
            ]
        },
        {
            "url": "http://www.owaspbwa.org/",
            "type": "general_endpoint",
            "parameters": [
                "file",
                "param",
                "id",
                "page"
            ]
        },
        {
            "url": "http://www.k5n.us/webcalendar.php",
            "type": "general_endpoint",
            "parameters": [
                "file",
                "param",
                "id",
                "page"
            ]
        },
        {
            "url": "http://code.google.com/p/zaproxy/",
            "type": "general_endpoint",
            "parameters": [
                "file",
                "param",
                "id",
                "page"
            ]
        },
        {
            "url": "http://www.forumsoftware.ca/",
            "type": "general_endpoint",
            "parameters": [
                "file",
                "param",
                "id",
                "page"
            ]
        },
        {
            "url": "http://code.google.com/p/owaspbwa/wiki/UserGuide",
            "type": "general_endpoint",
            "parameters": [
                "file",
                "param",
                "id",
                "page"
            ]
        },
        {
            "url": "http://www.mandiant.com",
            "type": "general_endpoint",
            "parameters": [
                "file",
                "param",
                "id",
                "page"
            ]
        },
        {
            "url": "https://github.com/adamdoupe/WackoPicko",
            "type": "general_endpoint",
            "parameters": [
                "file",
                "param",
                "id",
                "page"
            ]
        },
        {
            "url": "http://google-gruyere.appspot.com/",
            "type": "general_endpoint",
            "parameters": [
                "file",
                "param",
                "id",
                "page"
            ]
        },
        {
            "url": "https://github.com/SpiderLabs/MCIR",
            "type": "general_endpoint",
            "parameters": [
                "file",
                "param",
                "id",
                "page"
            ]
        },
        {
            "url": "https://www.owasp.org/index.php/Category",
            "type": "general_endpoint",
            "parameters": [
                "file",
                "param",
                "id",
                "page"
            ]
        },
        {
            "url": "http://www.irongeek.com/i.php?page=mutillidae/mutillidae-deliberately-vulnerable-php-owasp-top-10",
            "type": "general_endpoint",
            "parameters": [
                "id",
                "file",
                "page",
                "param"
            ]
        }
    ],
    "vulnerable_endpoints": {
        "sql_injection": [
            {
                "url": "http://192.168.1.113/ghost",
                "parameter": "id",
                "type": "sql_injection",
                "evidence": "SQL error detected"
            },
            {
                "url": "http://192.168.1.113/ghost",
                "parameter": "file",
                "type": "sql_injection",
                "evidence": "SQL error detected"
            },
            {
                "url": "http://192.168.1.113/ghost",
                "parameter": "page",
                "type": "sql_injection",
                "evidence": "SQL error detected"
            },
            {
                "url": "http://192.168.1.113/ghost",
                "parameter": "param",
                "type": "sql_injection",
                "evidence": "SQL error detected"
            },
            {
                "url": "http://192.168.1.113/ghost",
                "parameter": "action",
                "type": "sql_injection",
                "evidence": "SQL error detected"
            },
            {
                "url": "https://sourceforge.net/p/owaspbwa/tickets/?limit=999&amp",
                "parameter": "param",
                "type": "sql_injection",
                "evidence": "SQL error detected"
            },
            {
                "url": "https://sourceforge.net/p/owaspbwa/tickets/?limit=999&amp",
                "parameter": "page",
                "type": "sql_injection",
                "evidence": "SQL error detected"
            },
            {
                "url": "http://www.itsecgames.com/",
                "parameter": "file",
                "type": "sql_injection",
                "evidence": "SQL error detected"
            },
            {
                "url": "http://www.itsecgames.com/",
                "parameter": "param",
                "type": "sql_injection",
                "evidence": "SQL error detected"
            },
            {
                "url": "http://www.itsecgames.com/",
                "parameter": "id",
                "type": "sql_injection",
                "evidence": "SQL error detected"
            },
            {
                "url": "http://www.itsecgames.com/",
                "parameter": "page",
                "type": "sql_injection",
                "evidence": "SQL error detected"
            },
            {
                "url": "http://peruggia.sourceforge.net/",
                "parameter": "file",
                "type": "sql_injection",
                "evidence": "SQL error detected"
            },
            {
                "url": "http://peruggia.sourceforge.net/",
                "parameter": "param",
                "type": "sql_injection",
                "evidence": "SQL error detected"
            },
            {
                "url": "http://peruggia.sourceforge.net/",
                "parameter": "id",
                "type": "sql_injection",
                "evidence": "SQL error detected"
            },
            {
                "url": "http://peruggia.sourceforge.net/",
                "parameter": "page",
                "type": "sql_injection",
                "evidence": "SQL error detected"
            },
            {
                "url": "https://www.owasp.org/index.php/OWASP_Security_Shepherd",
                "parameter": "file",
                "type": "sql_injection",
                "evidence": "SQL error detected"
            },
            {
                "url": "https://www.owasp.org/index.php/OWASP_Security_Shepherd",
                "parameter": "param",
                "type": "sql_injection",
                "evidence": "SQL error detected"
            },
            {
                "url": "https://www.owasp.org/index.php/OWASP_Security_Shepherd",
                "parameter": "id",
                "type": "sql_injection",
                "evidence": "SQL error detected"
            },
            {
                "url": "https://www.owasp.org/index.php/OWASP_Security_Shepherd",
                "parameter": "page",
                "type": "sql_injection",
                "evidence": "SQL error detected"
            },
            {
                "url": "http://www.phpbb.com/",
                "parameter": "page",
                "type": "sql_injection",
                "evidence": "SQL error detected"
            },
            {
                "url": "https://github.com/fridaygoldsmith/bwa_cyclone_transfers",
                "parameter": "param",
                "type": "sql_injection",
                "evidence": "SQL error detected"
            },
            {
                "url": "https://github.com/fridaygoldsmith/bwa_cyclone_transfers",
                "parameter": "id",
                "type": "sql_injection",
                "evidence": "SQL error detected"
            },
            {
                "url": "https://github.com/fridaygoldsmith/bwa_cyclone_transfers",
                "parameter": "page",
                "type": "sql_injection",
                "evidence": "SQL error detected"
            },
            {
                "url": "http://sourceforge.net/projects/getboo/",
                "parameter": "file",
                "type": "sql_injection",
                "evidence": "SQL error detected"
            },
            {
                "url": "http://sourceforge.net/projects/getboo/",
                "parameter": "param",
                "type": "sql_injection",
                "evidence": "SQL error detected"
            },
            {
                "url": "http://sourceforge.net/projects/getboo/",
                "parameter": "id",
                "type": "sql_injection",
                "evidence": "SQL error detected"
            },
            {
                "url": "http://sechow.com/bricks/",
                "parameter": "file",
                "type": "sql_injection",
                "evidence": "SQL error detected"
            },
            {
                "url": "http://sechow.com/bricks/",
                "parameter": "param",
                "type": "sql_injection",
                "evidence": "SQL error detected"
            },
            {
                "url": "http://sechow.com/bricks/",
                "parameter": "id",
                "type": "sql_injection",
                "evidence": "SQL error detected"
            },
            {
                "url": "http://sechow.com/bricks/",
                "parameter": "page",
                "type": "sql_injection",
                "evidence": "SQL error detected"
            },
            {
                "url": "https://github.com/adamdoupe/WackoPicko",
                "parameter": "file",
                "type": "sql_injection",
                "evidence": "SQL error detected"
            },
            {
                "url": "https://github.com/adamdoupe/WackoPicko",
                "parameter": "param",
                "type": "sql_injection",
                "evidence": "SQL error detected"
            },
            {
                "url": "https://github.com/adamdoupe/WackoPicko",
                "parameter": "id",
                "type": "sql_injection",
                "evidence": "SQL error detected"
            },
            {
                "url": "https://github.com/adamdoupe/WackoPicko",
                "parameter": "page",
                "type": "sql_injection",
                "evidence": "SQL error detected"
            },
            {
                "url": "http://google-gruyere.appspot.com/",
                "parameter": "file",
                "type": "sql_injection",
                "evidence": "SQL error detected"
            },
            {
                "url": "http://google-gruyere.appspot.com/",
                "parameter": "param",
                "type": "sql_injection",
                "evidence": "SQL error detected"
            },
            {
                "url": "http://google-gruyere.appspot.com/",
                "parameter": "id",
                "type": "sql_injection",
                "evidence": "SQL error detected"
            },
            {
                "url": "http://google-gruyere.appspot.com/",
                "parameter": "page",
                "type": "sql_injection",
                "evidence": "SQL error detected"
            },
            {
                "url": "https://github.com/SpiderLabs/MCIR",
                "parameter": "file",
                "type": "sql_injection",
                "evidence": "SQL error detected"
            },
            {
                "url": "https://github.com/SpiderLabs/MCIR",
                "parameter": "param",
                "type": "sql_injection",
                "evidence": "SQL error detected"
            },
            {
                "url": "https://github.com/SpiderLabs/MCIR",
                "parameter": "id",
                "type": "sql_injection",
                "evidence": "SQL error detected"
            },
            {
                "url": "https://github.com/SpiderLabs/MCIR",
                "parameter": "page",
                "type": "sql_injection",
                "evidence": "SQL error detected"
            }
        ],
        "xss": [],
        "lfi": [],
        "file_upload": [
            {
                "url": "http://192.168.1.113/images",
                "type": "file_upload",
                "evidence": "Upload directory accessible"
            }
        ]
    },
    "auth_bypass_opportunities": [
        "HTTP TRACE Method"
    ],
    "exposed_directories": [],
    "default_files": [
        "/index:",
        "/phpmyadmin/changelog.php:",
        "/phpmyadmin/changelog.php:"
    ],
    "misconfigurations": [
        "ETag Information Leak (Inode Leakage)",
        "mod_negotiation + MultiViews Enabled (Brute-force Files)",
        "HTTP TRACE Method Enabled (XST Attack)"
    ],
    "outdated_software": [
        "Apache/2.2.14",
        "PHP/5.3.2-1ubuntu4.30",
        "Python/2.6.5",
        "PHP/5.3.2-1ubuntu4.30",
        "Apache/2.2.14",
        "Apache/2.4.54).",
        "Python/2.6.5",
        "PHP/5.3",
        "PHP/5.3.2-1ubuntu4.30."
    ],
    "exploitable_versions": {},
    "vhosts": [],
    "subdomains": [],
    "wayback_urls": [],
    "dns_records": [],
    "technologies": {
        "web_server": [
            "Apache"
        ],
        "programming_language": [
            "PHP"
        ],
        "framework": [],
        "cms": [],
        "database": [],
        "javascript": [],
        "other": []
    },
    "wordpress_findings": {
        "version": "unknown",
        "plugins": [],
        "themes": [],
        "vulnerabilities": []
    },
    "joomla_findings": {
        "version": "unknown",
        "components": [],
        "vulnerabilities": []
    },
    "sqlmap_findings": {
        "injectable_parameters": [],
        "database_type": "unknown",
        "technique": "unknown"
    },
    "burp_summary": {},
    "burp_runner": {},
    "login_form_sql_injection": {
        "success": false,
        "proof": "",
        "poc": "",
        "evidence": {}
    },
    "os_exploit_found": "yes",
    "os_exploit_mods": [
        "exploit/linux/local/netfilter_xtables_heap_oob_write_priv_esc",
        "exploit/linux/local/rds_rds_page_copy_user_priv_esc",
        "exploit/linux/local/sock_sendpage"
    ],
    "os_exploit_cves": [
        "CVE-2009-2692",
        "CVE-2010-3904",
        "CVE-2021-22555"
    ],
    "os_exploitdb_exploits": [],
    "http_exploit_found": "no",
    "http_exploit_mods": [
        "none"
    ],
    "http_exploit_cves": [
        "none"
    ],
    "http_exploitdb_exploits": [],
    "https_exploit_found": "no",
    "https_exploit_mods": [
        "none"
    ],
    "https_exploit_cves": [
        "none"
    ],
    "software_exploitdb_exploits": []
}